error,sigma_12,sigma_15,sigma_25
tracking_e,2.0343787541322347,3.1018893726183903,5.744764171431293
tracking_registration_e,5.300395071582503,7.276432381160774,8.941185034997227
hand_eye,3.624870484872784,3.3552792163789933,6.534830389560479
AR_px,2.2302643353364444,2.2730705784438436,5.5463422889985
